title,url
《元尊》,http://www.qiuyelou.com/book/15785.html
《邪王追妻：废材逆天小姐》,http://www.qiuyelou.com/book/30796.html
《邪王追妻：废材逆天小姐》,http://www.qiuyelou.com/book/12332.html
《飞剑问道》,http://www.qiuyelou.com/book/52630.html
《极品全能学生》,http://www.qiuyelou.com/book/29216.html
《圣墟》,http://www.qiuyelou.com/book/88849.html
《斗罗大陆III龙王传说》,http://www.qiuyelou.com/book/73142.html
《都市超级医仙》,http://www.qiuyelou.com/book/103359.html
《大主宰》,http://www.qiuyelou.com/book/13556.html
《猛男诞生记》,http://www.qiuyelou.com/book/69527.html
《三寸人间》,http://www.qiuyelou.com/book/16585.html
《双世宠妃原著：爷我等你休妻》,http://www.qiuyelou.com/book/13559.html
《校花的贴身高手》,http://www.qiuyelou.com/book/11527.html
《神医嫡女》,http://www.qiuyelou.com/book/30885.html
《太古剑尊》,http://www.qiuyelou.com/book/39637.html
《奶爸的异界餐厅》,http://www.qiuyelou.com/book/102981.html
《最强反套路系统》,http://www.qiuyelou.com/book/88260.html
《系统的黑科技网吧》,http://www.qiuyelou.com/book/101974.html
《重生八零锦绣军婚》,http://www.qiuyelou.com/book/99046.html
《魔道祖师》,http://www.qiuyelou.com/book/71196.html
《轮回乐园》,http://www.qiuyelou.com/book/98380.html
《斗破苍穹》,http://www.qiuyelou.com/book/27563.html
《修真聊天群》,http://www.qiuyelou.com/book/60229.html
《都市奇门医圣》,http://www.qiuyelou.com/book/34050.html
《儒道至圣》,http://www.qiuyelou.com/book/13877.html
《女总裁的顶级兵王》,http://www.qiuyelou.com/book/39444.html
《凡人修仙传仙界篇》,http://www.qiuyelou.com/book/28500.html
《武炼巅峰》,http://www.qiuyelou.com/book/10052.html
《牧神记》,http://www.qiuyelou.com/book/98209.html
《至尊兵王》,http://www.qiuyelou.com/book/31206.html
《神医凰后》,http://www.qiuyelou.com/book/101582.html
《大王饶命》,http://www.qiuyelou.com/book/99792.html
《最佳女婿》,http://www.qiuyelou.com/book/50379.html
《校花之贴身高手》,http://www.qiuyelou.com/book/17780.html
《最强狂兵》,http://www.qiuyelou.com/book/19186.html
《诸天投影》,http://www.qiuyelou.com/book/105681.html
《龙王传说》,http://www.qiuyelou.com/book/69783.html
《超神机械师》,http://www.qiuyelou.com/book/98013.html
《诸天万界反派聊天群》,http://www.qiuyelou.com/book/100160.html
《英雄联盟之绝世无双》,http://www.qiuyelou.com/book/60370.html
《八零军嫂是神医》,http://www.qiuyelou.com/book/99678.html
《最强战兵》,http://www.qiuyelou.com/book/31251.html
《全职法师》,http://www.qiuyelou.com/book/39630.html
《一念永恒》,http://www.qiuyelou.com/book/77532.html
《完美世界》,http://www.qiuyelou.com/book/10426.html
《盖世帝尊》,http://www.qiuyelou.com/book/56235.html
《浪迹在诸天》,http://www.qiuyelou.com/book/100430.html
《斗罗大陆II绝世唐门》,http://www.qiuyelou.com/book/10467.html
《奉天战尊》,http://www.qiuyelou.com/book/56630.html
《魅王宠妻：鬼医纨绔妃》,http://www.qiuyelou.com/book/53692.html
《燃情仕途》,http://www.qiuyelou.com/book/27761.html
《汉乡》,http://www.qiuyelou.com/book/99362.html
《奶爸的文艺人生》,http://www.qiuyelou.com/book/99371.html
《斗破苍穹Ⅱ：绝世萧炎》,http://www.qiuyelou.com/book/31729.html
《雪中悍刀行》,http://www.qiuyelou.com/book/12484.html
《嫡女重生记》,http://www.qiuyelou.com/book/18097.html
《绝世武侠系统》,http://www.qiuyelou.com/book/99253.html
《神医弃女：鬼帝的驭兽狂妃》,http://www.qiuyelou.com/book/53436.html
《混沌剑神》,http://www.qiuyelou.com/book/13113.html
《诡秘之主》,http://www.qiuyelou.com/book/50750.html
《天道图书馆》,http://www.qiuyelou.com/book/88604.html
《黑科技研发中心》,http://www.qiuyelou.com/book/100413.html
《神道丹尊》,http://www.qiuyelou.com/book/59593.html
《剑来》,http://www.qiuyelou.com/book/53190.html
《超品相师》,http://www.qiuyelou.com/book/11980.html
《逍遥兵王》,http://www.qiuyelou.com/book/59273.html
《民调局异闻录之勉传》,http://www.qiuyelou.com/book/72836.html
《九龙神鼎》,http://www.qiuyelou.com/book/21237.html
《修仙归来当奶爸》,http://www.qiuyelou.com/book/103025.html
《斗罗大陆》,http://www.qiuyelou.com/book/27755.html
《神魂至尊》,http://www.qiuyelou.com/book/16757.html
《美食供应商》,http://www.qiuyelou.com/book/83620.html
《永恒国度》,http://www.qiuyelou.com/book/86979.html
《都市至强者降临》,http://www.qiuyelou.com/book/99484.html
《超级神基因》,http://www.qiuyelou.com/book/89375.html
《逆天邪神》,http://www.qiuyelou.com/book/11055.html
《洪荒之妖皇逆天》,http://www.qiuyelou.com/book/102795.html
《帝霸》,http://www.qiuyelou.com/book/10135.html
《近身兵王》,http://www.qiuyelou.com/book/31064.html
《我的身体有bug》,http://www.qiuyelou.com/book/99147.html
《重生军营之王牌军婚》,http://www.qiuyelou.com/book/101519.html
《我的绝色总裁老婆》,http://www.qiuyelou.com/book/71598.html
《纨绔乐妃：至尊鬼帝霸宠妻》,http://www.qiuyelou.com/book/53081.html
《神话版三国》,http://www.qiuyelou.com/book/10613.html
《我的老千生涯》,http://www.qiuyelou.com/book/83147.html
《重生之萌娘军嫂》,http://www.qiuyelou.com/book/89286.html
《超极狂少》,http://www.qiuyelou.com/book/39990.html
《永夜君王》,http://www.qiuyelou.com/book/13238.html
《乾坤剑神》,http://www.qiuyelou.com/book/23664.html
《穷鬼的上下两千年》,http://www.qiuyelou.com/book/102250.html
《寒门崛起》,http://www.qiuyelou.com/book/38187.html
《同时穿越了99个世界》,http://www.qiuyelou.com/book/103291.html
《诸天仙武》,http://www.qiuyelou.com/book/98298.html
《六零符医小军嫂》,http://www.qiuyelou.com/book/98866.html
《带着仓库到大明》,http://www.qiuyelou.com/book/88029.html
《Boss凶猛：老公，领证吧》,http://www.qiuyelou.com/book/79711.html
《全职法师》,http://www.qiuyelou.com/book/79255.html
《盗墓笔记》,http://www.qiuyelou.com/book/28017.html
《权力巅峰》,http://www.qiuyelou.com/book/10625.html
《天唐锦绣》,http://www.qiuyelou.com/book/88598.html
